GlimsID,boundingbox,fileaddress
G216152E69302N,"[[-143.860976, 69.276937], [-143.779992, 69.276937], [-143.779992, 69.334028], [-143.860976, 69.334028]]",G216152E69302N
